{"IcoMoonType":"selection","icons":[{"icon":{"paths":["M384 768c-16.376 0-32.76-6.25-45.24-18.75l-320-320c-25-25-25-65.5 0-90.5s65.5-25 90.5 0l274.74 274.85 274.8-274.8c25-25 65.5-25 90.5 0s25 65.5 0 90.5l-320 320c-12.5 12.5-28.9 18.7-45.3 18.7z"],"attrs":[{}],"width":768,"isMulticolor":false,"isMulticolor2":false,"grid":0,"tags":["angle-down"]},"attrs":[{}],"properties":{"order":2,"id":3,"name":"angle-down","prevSize":32,"code":59648},"setIdx":0,"setId":3,"iconIdx":0},{"icon":{"paths":["M384 896c-16.376 0-32.76-6.25-45.24-18.75l-320-320c-25-25-25-65.5 0-90.5l320-320c25-25 65.5-25 90.5 0s25 65.5 0 90.5l-274.76 274.75 274.8 274.8c25 25 25 65.5 0 90.5-12.5 12.5-28.9 18.7-45.3 18.7z"],"attrs":[{}],"width":512,"isMulticolor":false,"isMulticolor2":false,"grid":0,"tags":["angle-left"]},"attrs":[{}],"properties":{"order":3,"id":2,"name":"angle-left","prevSize":32,"code":59649},"setIdx":0,"setId":3,"iconIdx":1},{"icon":{"paths":["M128 896c-16.376 0-32.76-6.25-45.24-18.75-25-25-25-65.5 0-90.5l274.84-274.75-274.84-274.8c-25-25-25-65.5 0-90.5s65.5-25 90.5 0l320 320c25 25 25 65.5 0 90.5l-320 320c-12.5 12.6-28.88 18.8-45.26 18.8z"],"attrs":[{}],"width":512,"isMulticolor":false,"isMulticolor2":false,"grid":0,"tags":["angle-right"]},"attrs":[{}],"properties":{"order":4,"id":1,"name":"angle-right","prevSize":32,"code":59650},"setIdx":0,"setId":3,"iconIdx":2},{"icon":{"paths":["M704 704c-16.376 0-32.76-6.25-45.24-18.75l-274.76-274.65-274.8 274.8c-25 25-65.5 25-90.5 0s-25-65.5 0-90.5l320-320c25-25 65.5-25 90.5 0l320 320c25 25 25 65.5 0 90.5-12.4 12.4-28.8 18.6-45.2 18.6z"],"attrs":[{}],"width":768,"isMulticolor":false,"isMulticolor2":false,"grid":0,"tags":["angle-up"]},"attrs":[{}],"properties":{"order":5,"id":0,"name":"angle-up","prevSize":32,"code":59651},"setIdx":0,"setId":3,"iconIdx":3}],"height":1024,"metadata":{"name":"anglefont"},"preferences":{"showGlyphs":true,"showQuickUse":true,"showQuickUse2":true,"showSVGs":true,"fontPref":{"prefix":"icon-","metadata":{"fontFamily":"anglefont","majorVersion":1,"minorVersion":0},"metrics":{"emSize":1024,"baseline":6.25,"whitespace":50},"embed":false,"showSelector":true},"imagePref":{"prefix":"icon-","png":true,"useClassSelector":true,"color":0,"bgColor":16777215,"classSelector":".icon"},"historySize":50,"showCodes":true,"gridSize":16}}